cohort_year,investors,avg_sip_amount,total_invested,Debt,Equity
2024,4456,10986.861802930669,212189262,31217328,180971934
2025,306,12516.697270471464,5044229,1128680,3915549
